,0,1
0,"(1, 10)","(11, 100)"
1,"(1, 10)","(11, 1000)"
2,"(1, 10)","(11, 1100)"
3,"(1, 10)","(100, 1011)"
4,"(1, 10)","(111, 1000)"
5,"(1, 10)","(111, 1100)"
6,"(1, 10)","(1011, 1100)"
7,"(1, 100)","(10, 101)"
8,"(1, 100)","(10, 1101)"
9,"(1, 100)","(101, 1000)"
10,"(1, 100)","(101, 1010)"
11,"(1, 100)","(111, 1000)"
12,"(1, 100)","(111, 1010)"
13,"(1, 100)","(1010, 1101)"
14,"(1, 110)","(10, 100)"
15,"(1, 110)","(10, 101)"
16,"(1, 110)","(10, 1100)"
17,"(1, 110)","(10, 1101)"
18,"(1, 110)","(11, 100)"
19,"(1, 110)","(11, 101)"
20,"(1, 110)","(11, 1000)"
21,"(1, 110)","(11, 1100)"
22,"(1, 110)","(11, 1101)"
23,"(1, 110)","(100, 1010)"
24,"(1, 110)","(100, 1011)"
25,"(1, 110)","(101, 1000)"
26,"(1, 110)","(101, 1010)"
27,"(1, 110)","(101, 1011)"
28,"(1, 110)","(111, 1000)"
29,"(1, 110)","(111, 1010)"
30,"(1, 110)","(111, 1100)"
31,"(1, 110)","(1010, 1100)"
32,"(1, 110)","(1010, 1101)"
33,"(1, 110)","(1011, 1100)"
34,"(1, 110)","(1011, 1101)"
35,"(1, 110)","(11, 101, 1000)"
36,"(1, 110)","(111, 1010, 1100)"
37,"(1, 1000)","(10, 1001)"
38,"(1, 1000)","(10, 1101)"
39,"(1, 1000)","(100, 1001)"
40,"(1, 1000)","(100, 1011)"
41,"(1, 1000)","(110, 1001)"
42,"(1, 1000)","(110, 1011)"
43,"(1, 1000)","(110, 1101)"
44,"(1, 1010)","(10, 1000)"
45,"(1, 1010)","(10, 1001)"
46,"(1, 1010)","(10, 1100)"
47,"(1, 1010)","(10, 1101)"
48,"(1, 1010)","(11, 100)"
49,"(1, 1010)","(11, 1000)"
50,"(1, 1010)","(11, 1001)"
51,"(1, 1010)","(11, 1100)"
52,"(1, 1010)","(11, 1101)"
53,"(1, 1010)","(100, 1001)"
54,"(1, 1010)","(100, 1011)"
55,"(1, 1010)","(110, 1000)"
56,"(1, 1010)","(110, 1001)"
57,"(1, 1010)","(110, 1011)"
58,"(1, 1010)","(110, 1100)"
59,"(1, 1010)","(110, 1101)"
60,"(1, 1010)","(111, 1000)"
61,"(1, 1010)","(111, 1001)"
62,"(1, 1010)","(111, 1100)"
63,"(1, 1010)","(111, 1101)"
64,"(1, 1010)","(1011, 1100)"
65,"(1, 1010)","(11, 100, 1001)"
66,"(1, 1010)","(110, 1011, 1100)"
67,"(1, 1100)","(10, 101)"
68,"(1, 1100)","(10, 1001)"
69,"(1, 1100)","(10, 1101)"
70,"(1, 1100)","(100, 1000)"
71,"(1, 1100)","(100, 1001)"
72,"(1, 1100)","(100, 1010)"
73,"(1, 1100)","(100, 1011)"
74,"(1, 1100)","(101, 1000)"
75,"(1, 1100)","(101, 1001)"
76,"(1, 1100)","(101, 1010)"
77,"(1, 1100)","(101, 1011)"
78,"(1, 1100)","(110, 1000)"
79,"(1, 1100)","(110, 1001)"
80,"(1, 1100)","(110, 1010)"
81,"(1, 1100)","(110, 1011)"
82,"(1, 1100)","(110, 1101)"
83,"(1, 1100)","(111, 1000)"
84,"(1, 1100)","(111, 1001)"
85,"(1, 1100)","(111, 1010)"
86,"(1, 1100)","(111, 1011)"
87,"(1, 1100)","(1010, 1101)"
88,"(1, 1100)","(10, 101, 1001)"
89,"(1, 1100)","(110, 1010, 1101)"
90,"(1, 1110)","(10, 100)"
91,"(1, 1110)","(10, 101)"
92,"(1, 1110)","(10, 1000)"
93,"(1, 1110)","(10, 1001)"
94,"(1, 1110)","(10, 1100)"
95,"(1, 1110)","(10, 1101)"
96,"(1, 1110)","(11, 100)"
97,"(1, 1110)","(11, 101)"
98,"(1, 1110)","(11, 1000)"
99,"(1, 1110)","(11, 1001)"
100,"(1, 1110)","(11, 1100)"
101,"(1, 1110)","(11, 1101)"
102,"(1, 1110)","(100, 1000)"
103,"(1, 1110)","(100, 1001)"
104,"(1, 1110)","(100, 1010)"
105,"(1, 1110)","(100, 1011)"
106,"(1, 1110)","(101, 1000)"
107,"(1, 1110)","(101, 1001)"
108,"(1, 1110)","(101, 1010)"
109,"(1, 1110)","(101, 1011)"
110,"(1, 1110)","(110, 1000)"
111,"(1, 1110)","(110, 1001)"
112,"(1, 1110)","(110, 1010)"
113,"(1, 1110)","(110, 1011)"
114,"(1, 1110)","(110, 1100)"
115,"(1, 1110)","(110, 1101)"
116,"(1, 1110)","(111, 1000)"
117,"(1, 1110)","(111, 1001)"
118,"(1, 1110)","(111, 1010)"
119,"(1, 1110)","(111, 1011)"
120,"(1, 1110)","(111, 1100)"
121,"(1, 1110)","(111, 1101)"
122,"(1, 1110)","(1010, 1100)"
123,"(1, 1110)","(1010, 1101)"
124,"(1, 1110)","(1011, 1100)"
125,"(1, 1110)","(1011, 1101)"
126,"(1, 1110)","(10, 100, 1000)"
127,"(1, 1110)","(10, 100, 1001)"
128,"(1, 1110)","(10, 101, 1000)"
129,"(1, 1110)","(10, 101, 1001)"
130,"(1, 1110)","(11, 100, 1000)"
131,"(1, 1110)","(11, 100, 1001)"
132,"(1, 1110)","(11, 101, 1000)"
133,"(1, 1110)","(11, 101, 1001)"
134,"(1, 1110)","(110, 1010, 1100)"
135,"(1, 1110)","(110, 1010, 1101)"
136,"(1, 1110)","(110, 1011, 1100)"
137,"(1, 1110)","(110, 1011, 1101)"
138,"(1, 1110)","(111, 1010, 1100)"
139,"(1, 1110)","(111, 1010, 1101)"
140,"(1, 1110)","(111, 1011, 1100)"
141,"(1, 1110)","(111, 1011, 1101)"
142,"(10, 100)","(110, 1000)"
143,"(10, 100)","(110, 1001)"
144,"(10, 100)","(111, 1000)"
145,"(10, 100)","(111, 1001)"
146,"(10, 100)","(1001, 1110)"
147,"(10, 101)","(11, 100)"
148,"(10, 101)","(11, 110)"
149,"(10, 101)","(11, 1000)"
150,"(10, 101)","(11, 1100)"
151,"(10, 101)","(11, 1110)"
152,"(10, 101)","(100, 1001)"
153,"(10, 101)","(100, 1011)"
154,"(10, 101)","(110, 1000)"
155,"(10, 101)","(110, 1001)"
156,"(10, 101)","(110, 1011)"
157,"(10, 101)","(111, 1000)"
158,"(10, 101)","(111, 1001)"
159,"(10, 101)","(111, 1100)"
160,"(10, 101)","(1001, 1100)"
161,"(10, 101)","(1001, 1110)"
162,"(10, 101)","(1011, 1100)"
163,"(10, 101)","(1011, 1110)"
164,"(10, 101)","(11, 110, 1000)"
165,"(10, 101)","(111, 1001, 1100)"
166,"(10, 1000)","(100, 1010)"
167,"(10, 1000)","(100, 1011)"
168,"(10, 1000)","(101, 1010)"
169,"(10, 1000)","(101, 1011)"
170,"(10, 1000)","(101, 1110)"
171,"(10, 1001)","(11, 100)"
172,"(10, 1001)","(11, 1000)"
173,"(10, 1001)","(11, 1010)"
174,"(10, 1001)","(11, 1100)"
175,"(10, 1001)","(11, 1110)"
176,"(10, 1001)","(100, 1010)"
177,"(10, 1001)","(100, 1011)"
178,"(10, 1001)","(101, 1000)"
179,"(10, 1001)","(101, 1010)"
180,"(10, 1001)","(101, 1011)"
181,"(10, 1001)","(101, 1100)"
182,"(10, 1001)","(101, 1110)"
183,"(10, 1001)","(111, 1000)"
184,"(10, 1001)","(111, 1010)"
185,"(10, 1001)","(111, 1100)"
186,"(10, 1001)","(111, 1110)"
187,"(10, 1001)","(1011, 1100)"
188,"(10, 1001)","(11, 100, 1010)"
189,"(10, 1001)","(101, 1011, 1100)"
190,"(10, 1100)","(100, 1000)"
191,"(10, 1100)","(100, 1001)"
192,"(10, 1100)","(100, 1010)"
193,"(10, 1100)","(100, 1011)"
194,"(10, 1100)","(101, 1000)"
195,"(10, 1100)","(101, 1001)"
196,"(10, 1100)","(101, 1010)"
197,"(10, 1100)","(101, 1011)"
198,"(10, 1100)","(101, 1110)"
199,"(10, 1100)","(110, 1000)"
200,"(10, 1100)","(110, 1001)"
201,"(10, 1100)","(110, 1010)"
202,"(10, 1100)","(110, 1011)"
203,"(10, 1100)","(111, 1000)"
204,"(10, 1100)","(111, 1001)"
205,"(10, 1100)","(111, 1010)"
206,"(10, 1100)","(111, 1011)"
207,"(10, 1100)","(1001, 1110)"
208,"(10, 1100)","(1, 110, 1010)"
209,"(10, 1100)","(101, 1001, 1110)"
210,"(10, 1101)","(11, 100)"
211,"(10, 1101)","(11, 110)"
212,"(10, 1101)","(11, 1000)"
213,"(10, 1101)","(11, 1010)"
214,"(10, 1101)","(11, 1100)"
215,"(10, 1101)","(11, 1110)"
216,"(10, 1101)","(100, 1000)"
217,"(10, 1101)","(100, 1001)"
218,"(10, 1101)","(100, 1010)"
219,"(10, 1101)","(100, 1011)"
220,"(10, 1101)","(101, 1000)"
221,"(10, 1101)","(101, 1001)"
222,"(10, 1101)","(101, 1010)"
223,"(10, 1101)","(101, 1011)"
224,"(10, 1101)","(101, 1100)"
225,"(10, 1101)","(101, 1110)"
226,"(10, 1101)","(110, 1000)"
227,"(10, 1101)","(110, 1001)"
228,"(10, 1101)","(110, 1010)"
229,"(10, 1101)","(110, 1011)"
230,"(10, 1101)","(111, 1000)"
231,"(10, 1101)","(111, 1001)"
232,"(10, 1101)","(111, 1010)"
233,"(10, 1101)","(111, 1011)"
234,"(10, 1101)","(111, 1100)"
235,"(10, 1101)","(111, 1110)"
236,"(10, 1101)","(1001, 1100)"
237,"(10, 1101)","(1001, 1110)"
238,"(10, 1101)","(1011, 1100)"
239,"(10, 1101)","(1011, 1110)"
240,"(10, 1101)","(1, 100, 1000)"
241,"(10, 1101)","(1, 100, 1010)"
242,"(10, 1101)","(1, 110, 1000)"
243,"(10, 1101)","(1, 110, 1010)"
244,"(10, 1101)","(11, 100, 1000)"
245,"(10, 1101)","(11, 100, 1010)"
246,"(10, 1101)","(11, 110, 1000)"
247,"(10, 1101)","(11, 110, 1010)"
248,"(10, 1101)","(101, 1001, 1100)"
249,"(10, 1101)","(101, 1001, 1110)"
250,"(10, 1101)","(101, 1011, 1100)"
251,"(10, 1101)","(101, 1011, 1110)"
252,"(10, 1101)","(111, 1001, 1100)"
253,"(10, 1101)","(111, 1001, 1110)"
254,"(10, 1101)","(111, 1011, 1100)"
255,"(10, 1101)","(111, 1011, 1110)"
256,"(11, 100)","(101, 110)"
257,"(11, 100)","(101, 1000)"
258,"(11, 100)","(101, 1010)"
259,"(11, 100)","(101, 1110)"
260,"(11, 100)","(110, 1000)"
261,"(11, 100)","(110, 1001)"
262,"(11, 100)","(110, 1101)"
263,"(11, 100)","(111, 1000)"
264,"(11, 100)","(111, 1001)"
265,"(11, 100)","(111, 1010)"
266,"(11, 100)","(1001, 1010)"
267,"(11, 100)","(1001, 1110)"
268,"(11, 100)","(1010, 1101)"
269,"(11, 100)","(1101, 1110)"
270,"(11, 100)","(101, 110, 1000)"
271,"(11, 100)","(111, 1001, 1010)"
272,"(11, 101)","(110, 1000)"
273,"(11, 101)","(110, 1001)"
274,"(11, 101)","(111, 1000)"
275,"(11, 101)","(111, 1001)"
276,"(11, 101)","(1001, 1110)"
277,"(11, 110)","(101, 1000)"
278,"(11, 110)","(101, 1010)"
279,"(11, 110)","(111, 1000)"
280,"(11, 110)","(111, 1010)"
281,"(11, 110)","(1010, 1101)"
282,"(11, 1000)","(100, 1001)"
283,"(11, 1000)","(100, 1010)"
284,"(11, 1000)","(100, 1011)"
285,"(11, 1000)","(101, 110)"
286,"(11, 1000)","(101, 1010)"
287,"(11, 1000)","(101, 1011)"
288,"(11, 1000)","(101, 1110)"
289,"(11, 1000)","(110, 1001)"
290,"(11, 1000)","(110, 1011)"
291,"(11, 1000)","(110, 1101)"
292,"(11, 1000)","(1001, 1010)"
293,"(11, 1000)","(1001, 1110)"
294,"(11, 1000)","(1010, 1101)"
295,"(11, 1000)","(1101, 1110)"
296,"(11, 1000)","(100, 1001, 1010)"
297,"(11, 1000)","(101, 110, 1011)"
298,"(11, 1001)","(100, 1010)"
299,"(11, 1001)","(100, 1011)"
300,"(11, 1001)","(101, 1010)"
301,"(11, 1001)","(101, 1011)"
302,"(11, 1001)","(101, 1110)"
303,"(11, 1010)","(100, 1001)"
304,"(11, 1010)","(100, 1011)"
305,"(11, 1010)","(110, 1001)"
306,"(11, 1010)","(110, 1011)"
307,"(11, 1010)","(110, 1101)"
308,"(11, 1100)","(100, 1000)"
309,"(11, 1100)","(100, 1001)"
310,"(11, 1100)","(100, 1010)"
311,"(11, 1100)","(100, 1011)"
312,"(11, 1100)","(101, 110)"
313,"(11, 1100)","(101, 1000)"
314,"(11, 1100)","(101, 1001)"
315,"(11, 1100)","(101, 1010)"
316,"(11, 1100)","(101, 1011)"
317,"(11, 1100)","(101, 1110)"
318,"(11, 1100)","(110, 1000)"
319,"(11, 1100)","(110, 1001)"
320,"(11, 1100)","(110, 1010)"
321,"(11, 1100)","(110, 1011)"
322,"(11, 1100)","(110, 1101)"
323,"(11, 1100)","(111, 1000)"
324,"(11, 1100)","(111, 1001)"
325,"(11, 1100)","(111, 1010)"
326,"(11, 1100)","(111, 1011)"
327,"(11, 1100)","(1001, 1010)"
328,"(11, 1100)","(1001, 1110)"
329,"(11, 1100)","(1010, 1101)"
330,"(11, 1100)","(1101, 1110)"
331,"(11, 1100)","(1, 110, 1010)"
332,"(11, 1100)","(10, 101, 1001)"
333,"(11, 1100)","(100, 1001, 1010)"
334,"(11, 1100)","(101, 110, 1000)"
335,"(11, 1100)","(101, 110, 1001)"
336,"(11, 1100)","(101, 110, 1010)"
337,"(11, 1100)","(101, 110, 1011)"
338,"(11, 1100)","(101, 1001, 1010)"
339,"(11, 1100)","(101, 1001, 1110)"
340,"(11, 1100)","(110, 1001, 1010)"
341,"(11, 1100)","(110, 1010, 1101)"
342,"(11, 1100)","(111, 1001, 1010)"
343,"(11, 1100)","(101, 110, 1001, 1010)"
344,"(11, 1101)","(100, 1000)"
345,"(11, 1101)","(100, 1001)"
346,"(11, 1101)","(100, 1010)"
347,"(11, 1101)","(100, 1011)"
348,"(11, 1101)","(101, 1000)"
349,"(11, 1101)","(101, 1001)"
350,"(11, 1101)","(101, 1010)"
351,"(11, 1101)","(101, 1011)"
352,"(11, 1101)","(101, 1110)"
353,"(11, 1101)","(110, 1000)"
354,"(11, 1101)","(110, 1001)"
355,"(11, 1101)","(110, 1010)"
356,"(11, 1101)","(110, 1011)"
357,"(11, 1101)","(111, 1000)"
358,"(11, 1101)","(111, 1001)"
359,"(11, 1101)","(111, 1010)"
360,"(11, 1101)","(111, 1011)"
361,"(11, 1101)","(1001, 1110)"
362,"(11, 1101)","(1, 110, 1010)"
363,"(11, 1101)","(101, 1001, 1110)"
364,"(11, 1110)","(100, 1000)"
365,"(11, 1110)","(100, 1001)"
366,"(11, 1110)","(100, 1010)"
367,"(11, 1110)","(100, 1011)"
368,"(11, 1110)","(101, 1000)"
369,"(11, 1110)","(101, 1001)"
370,"(11, 1110)","(101, 1010)"
371,"(11, 1110)","(101, 1011)"
372,"(11, 1110)","(110, 1000)"
373,"(11, 1110)","(110, 1001)"
374,"(11, 1110)","(110, 1010)"
375,"(11, 1110)","(110, 1011)"
376,"(11, 1110)","(110, 1101)"
377,"(11, 1110)","(111, 1000)"
378,"(11, 1110)","(111, 1001)"
379,"(11, 1110)","(111, 1010)"
380,"(11, 1110)","(111, 1011)"
381,"(11, 1110)","(1010, 1101)"
382,"(11, 1110)","(10, 101, 1001)"
383,"(11, 1110)","(110, 1010, 1101)"
384,"(100, 1001)","(101, 1000)"
385,"(100, 1001)","(101, 1010)"
386,"(100, 1001)","(101, 1100)"
387,"(100, 1001)","(101, 1110)"
388,"(100, 1001)","(111, 1000)"
389,"(100, 1001)","(111, 1010)"
390,"(100, 1001)","(111, 1100)"
391,"(100, 1001)","(111, 1110)"
392,"(100, 1001)","(1010, 1101)"
393,"(100, 1001)","(10, 101, 1100)"
394,"(100, 1001)","(11, 1010, 1101)"
395,"(100, 1010)","(110, 1000)"
396,"(100, 1010)","(110, 1001)"
397,"(100, 1010)","(110, 1100)"
398,"(100, 1010)","(110, 1101)"
399,"(100, 1010)","(111, 1000)"
400,"(100, 1010)","(111, 1001)"
401,"(100, 1010)","(111, 1100)"
402,"(100, 1010)","(111, 1101)"
403,"(100, 1010)","(1001, 1110)"
404,"(100, 1010)","(1, 110, 1100)"
405,"(100, 1010)","(11, 1001, 1110)"
406,"(100, 1011)","(101, 110)"
407,"(100, 1011)","(101, 1000)"
408,"(100, 1011)","(101, 1010)"
409,"(100, 1011)","(101, 1100)"
410,"(100, 1011)","(101, 1110)"
411,"(100, 1011)","(110, 1000)"
412,"(100, 1011)","(110, 1001)"
413,"(100, 1011)","(110, 1100)"
414,"(100, 1011)","(110, 1101)"
415,"(100, 1011)","(111, 1000)"
416,"(100, 1011)","(111, 1001)"
417,"(100, 1011)","(111, 1010)"
418,"(100, 1011)","(111, 1100)"
419,"(100, 1011)","(111, 1101)"
420,"(100, 1011)","(111, 1110)"
421,"(100, 1011)","(1001, 1010)"
422,"(100, 1011)","(1001, 1110)"
423,"(100, 1011)","(1010, 1101)"
424,"(100, 1011)","(1101, 1110)"
425,"(100, 1011)","(1, 10, 1000)"
426,"(100, 1011)","(1, 10, 1100)"
427,"(100, 1011)","(1, 110, 1000)"
428,"(100, 1011)","(1, 110, 1100)"
429,"(100, 1011)","(10, 101, 1000)"
430,"(100, 1011)","(10, 101, 1100)"
431,"(100, 1011)","(11, 1001, 1010)"
432,"(100, 1011)","(11, 1001, 1110)"
433,"(100, 1011)","(11, 1010, 1101)"
434,"(100, 1011)","(11, 1101, 1110)"
435,"(100, 1011)","(101, 110, 1000)"
436,"(100, 1011)","(101, 110, 1100)"
437,"(100, 1011)","(111, 1001, 1010)"
438,"(100, 1011)","(111, 1001, 1110)"
439,"(100, 1011)","(111, 1010, 1101)"
440,"(100, 1011)","(111, 1101, 1110)"
441,"(101, 110)","(111, 1000)"
442,"(101, 110)","(111, 1100)"
443,"(101, 110)","(1011, 1100)"
444,"(101, 1000)","(110, 1001)"
445,"(101, 1000)","(110, 1011)"
446,"(101, 1000)","(110, 1101)"
447,"(101, 1000)","(1001, 1100)"
448,"(101, 1000)","(1001, 1110)"
449,"(101, 1000)","(1011, 1100)"
450,"(101, 1000)","(1011, 1110)"
451,"(101, 1000)","(10, 1001, 1100)"
452,"(101, 1000)","(11, 110, 1101)"
453,"(101, 1010)","(110, 1000)"
454,"(101, 1010)","(110, 1001)"
455,"(101, 1010)","(110, 1011)"
456,"(101, 1010)","(110, 1100)"
457,"(101, 1010)","(110, 1101)"
458,"(101, 1010)","(111, 1000)"
459,"(101, 1010)","(111, 1001)"
460,"(101, 1010)","(111, 1100)"
461,"(101, 1010)","(111, 1101)"
462,"(101, 1010)","(1001, 1100)"
463,"(101, 1010)","(1001, 1110)"
464,"(101, 1010)","(1011, 1100)"
465,"(101, 1010)","(1011, 1110)"
466,"(101, 1010)","(1, 110, 1100)"
467,"(101, 1010)","(10, 1001, 1100)"
468,"(101, 1010)","(11, 100, 1001)"
469,"(101, 1010)","(11, 110, 1000)"
470,"(101, 1010)","(11, 110, 1001)"
471,"(101, 1010)","(11, 110, 1100)"
472,"(101, 1010)","(11, 110, 1101)"
473,"(101, 1010)","(11, 1001, 1100)"
474,"(101, 1010)","(11, 1001, 1110)"
475,"(101, 1010)","(110, 1001, 1100)"
476,"(101, 1010)","(110, 1011, 1100)"
477,"(101, 1010)","(111, 1001, 1100)"
478,"(101, 1010)","(11, 110, 1001, 1100)"
479,"(101, 1011)","(110, 1000)"
480,"(101, 1011)","(110, 1001)"
481,"(101, 1011)","(110, 1100)"
482,"(101, 1011)","(110, 1101)"
483,"(101, 1011)","(111, 1000)"
484,"(101, 1011)","(111, 1001)"
485,"(101, 1011)","(111, 1100)"
486,"(101, 1011)","(111, 1101)"
487,"(101, 1011)","(1001, 1110)"
488,"(101, 1011)","(1, 110, 1100)"
489,"(101, 1011)","(11, 1001, 1110)"
490,"(101, 1100)","(110, 1001)"
491,"(101, 1100)","(110, 1011)"
492,"(101, 1100)","(110, 1101)"
493,"(101, 1110)","(110, 1000)"
494,"(101, 1110)","(110, 1001)"
495,"(101, 1110)","(110, 1011)"
496,"(101, 1110)","(110, 1100)"
497,"(101, 1110)","(110, 1101)"
498,"(101, 1110)","(111, 1000)"
499,"(101, 1110)","(111, 1001)"
500,"(101, 1110)","(111, 1100)"
501,"(101, 1110)","(111, 1101)"
502,"(101, 1110)","(1011, 1100)"
503,"(101, 1110)","(11, 100, 1001)"
504,"(101, 1110)","(110, 1011, 1100)"
505,"(110, 1000)","(1010, 1100)"
506,"(110, 1000)","(1010, 1101)"
507,"(110, 1000)","(1011, 1100)"
508,"(110, 1000)","(1011, 1101)"
509,"(110, 1000)","(1, 1010, 1100)"
510,"(110, 1000)","(11, 101, 1110)"
511,"(110, 1001)","(111, 1000)"
512,"(110, 1001)","(111, 1010)"
513,"(110, 1001)","(111, 1100)"
514,"(110, 1001)","(111, 1110)"
515,"(110, 1001)","(1010, 1100)"
516,"(110, 1001)","(1010, 1101)"
517,"(110, 1001)","(1011, 1100)"
518,"(110, 1001)","(1011, 1101)"
519,"(110, 1001)","(1, 1010, 1100)"
520,"(110, 1001)","(10, 101, 1100)"
521,"(110, 1001)","(11, 100, 1010)"
522,"(110, 1001)","(11, 101, 1000)"
523,"(110, 1001)","(11, 101, 1010)"
524,"(110, 1001)","(11, 101, 1100)"
525,"(110, 1001)","(11, 101, 1110)"
526,"(110, 1001)","(11, 1010, 1100)"
527,"(110, 1001)","(11, 1010, 1101)"
528,"(110, 1001)","(101, 1010, 1100)"
529,"(110, 1001)","(101, 1011, 1100)"
530,"(110, 1001)","(111, 1010, 1100)"
531,"(110, 1001)","(11, 101, 1010, 1100)"
532,"(110, 1011)","(111, 1000)"
533,"(110, 1011)","(111, 1010)"
534,"(110, 1011)","(111, 1100)"
535,"(110, 1011)","(111, 1110)"
536,"(110, 1011)","(1010, 1101)"
537,"(110, 1011)","(10, 101, 1100)"
538,"(110, 1011)","(11, 1010, 1101)"
539,"(110, 1101)","(111, 1000)"
540,"(110, 1101)","(111, 1010)"
541,"(110, 1101)","(111, 1100)"
542,"(110, 1101)","(111, 1110)"
543,"(110, 1101)","(1011, 1100)"
544,"(110, 1101)","(11, 100, 1010)"
545,"(110, 1101)","(101, 1011, 1100)"
546,"(111, 1000)","(1001, 1010)"
547,"(111, 1000)","(1001, 1100)"
548,"(111, 1000)","(1001, 1110)"
549,"(111, 1000)","(1010, 1100)"
550,"(111, 1000)","(1010, 1101)"
551,"(111, 1000)","(1011, 1100)"
552,"(111, 1000)","(1011, 1101)"
553,"(111, 1000)","(1011, 1110)"
554,"(111, 1000)","(1101, 1110)"
555,"(111, 1000)","(1, 10, 100)"
556,"(111, 1000)","(1, 10, 1100)"
557,"(111, 1000)","(1, 100, 1010)"
558,"(111, 1000)","(1, 1010, 1100)"
559,"(111, 1000)","(10, 100, 1001)"
560,"(111, 1000)","(10, 1001, 1100)"
561,"(111, 1000)","(11, 101, 110)"
562,"(111, 1000)","(11, 101, 1110)"
563,"(111, 1000)","(11, 110, 1101)"
564,"(111, 1000)","(11, 1101, 1110)"
565,"(111, 1000)","(100, 1001, 1010)"
566,"(111, 1000)","(101, 110, 1011)"
567,"(111, 1000)","(101, 1011, 1110)"
568,"(111, 1000)","(110, 1011, 1101)"
569,"(111, 1000)","(1001, 1010, 1100)"
570,"(111, 1000)","(1011, 1101, 1110)"
571,"(111, 1001)","(1010, 1100)"
572,"(111, 1001)","(1010, 1101)"
573,"(111, 1001)","(1011, 1100)"
574,"(111, 1001)","(1011, 1101)"
575,"(111, 1001)","(1, 1010, 1100)"
576,"(111, 1001)","(11, 101, 1110)"
577,"(111, 1010)","(1001, 1100)"
578,"(111, 1010)","(1001, 1110)"
579,"(111, 1010)","(1011, 1100)"
580,"(111, 1010)","(1011, 1110)"
581,"(111, 1010)","(10, 1001, 1100)"
582,"(111, 1010)","(11, 110, 1101)"
583,"(111, 1100)","(1001, 1010)"
584,"(111, 1100)","(1001, 1110)"
585,"(111, 1100)","(1010, 1101)"
586,"(111, 1100)","(1101, 1110)"
587,"(111, 1100)","(100, 1001, 1010)"
588,"(111, 1100)","(101, 110, 1011)"
589,"(1001, 1010)","(1011, 1100)"
590,"(1001, 1100)","(1010, 1101)"
591,"(1001, 1110)","(1010, 1100)"
592,"(1001, 1110)","(1010, 1101)"
593,"(1001, 1110)","(1011, 1100)"
594,"(1001, 1110)","(1011, 1101)"
595,"(1001, 1110)","(11, 101, 1000)"
596,"(1001, 1110)","(111, 1010, 1100)"
597,"(1010, 1101)","(1011, 1100)"
598,"(1010, 1101)","(1011, 1110)"
599,"(1010, 1101)","(11, 110, 1000)"
600,"(1010, 1101)","(111, 1001, 1100)"
601,"(1011, 1100)","(1101, 1110)"
602,"(1011, 1100)","(101, 110, 1000)"
603,"(1011, 1100)","(111, 1001, 1010)"
